class,precision,recall,f1-score
0,0.9834651329978433,0.9771428571428571,0.980293801504837
1,0.952112676056338,0.9657142857142857,0.9588652482269504
2,0.9690424766018718,0.9614285714285714,0.965220509143062
